--
-- PostgreSQL database dump - VERSÃO COM LIMPEZA AUTOMÁTICA
-- Este arquivo APAGA todos os dados existentes antes de importar
--

-- Dumped from database version 16.9 (165f042)
-- Dumped by pg_dump version 16.9

SET statement_timeout = 0;
SET lock_timeout = 0;
SET idle_in_transaction_session_timeout = 0;
SET client_encoding = 'UTF8';
SET standard_conforming_strings = on;
SELECT pg_catalog.set_config('search_path', '', false);
SET check_function_bodies = false;
SET xmloption = content;
SET client_min_messages = warning;
SET row_security = off;

--
-- ⚠️  ATENÇÃO: LIMPANDO TODOS OS DADOS EXISTENTES
--

TRUNCATE TABLE loans CASCADE;
TRUNCATE TABLE tools CASCADE;
TRUNCATE TABLE tool_models CASCADE;
TRUNCATE TABLE tool_classes CASCADE;
TRUNCATE TABLE users CASCADE;
TRUNCATE TABLE sessions CASCADE;

--
-- Agora inserindo os dados novos...
--

-- Data for Name: tool_classes; Type: TABLE DATA; Schema: public; Owner: neondb_owner
--

INSERT INTO public.tool_classes (id, name, description, created_at) VALUES ('66e5ac8b-ecea-4ae4-a46a-4df87bf45321', 'Consumivel', '', '2025-11-10 15:00:54.095509');
INSERT INTO public.tool_classes (id, name, description, created_at) VALUES ('3e28a796-80dd-4887-8a63-ddbfa9461969', 'Paquimetro', 'ASDasda adds', '2025-11-10 15:20:50.538327');
INSERT INTO public.tool_classes (id, name, description, created_at) VALUES ('dd5dce96-6bd6-4c9d-a46e-133a6aa17a40', 'Ferramenta Comum', '', '2025-11-10 21:17:59.440888');


--
-- Data for Name: tool_models; Type: TABLE DATA; Schema: public; Owner: neondb_owner
--

INSERT INTO public.tool_models (id, name, requires_calibration, calibration_interval_days, created_at) VALUES ('35c9d2c5-dd60-4be2-95a7-593fba74b16d', 'Normal', false, NULL, '2025-11-10 15:01:14.975836');
INSERT INTO public.tool_models (id, name, requires_calibration, calibration_interval_days, created_at) VALUES ('56c133eb-bb2f-48e5-ad03-514a102114f4', 'Calibração Paquimetro', true, 55, '2025-11-10 15:21:15.07734');
INSERT INTO public.tool_models (id, name, requires_calibration, calibration_interval_days, created_at) VALUES ('ca8f0547-bee9-4545-b75f-2aa3f5ba0a28', 'Parafusadeira Nova', true, 6, '2025-11-10 21:17:28.264303');


--
-- Data for Name: tools; Type: TABLE DATA; Schema: public; Owner: neondb_owner
--

INSERT INTO public.tools (id, name, code, class_id, model_id, quantity, available_quantity, status, last_calibration_date, next_calibration_date, created_at, updated_at) VALUES ('2477ee5e-198f-41bc-9ae7-6e63e890a74d', 'Parafuso', 'asd1', '66e5ac8b-ecea-4ae4-a46a-4df87bf45321', '35c9d2c5-dd60-4be2-95a7-593fba74b16d', 100, 92, 'available', NULL, NULL, '2025-11-10 15:02:00.511442', '2025-11-10 22:04:26.666');
INSERT INTO public.tools (id, name, code, class_id, model_id, quantity, available_quantity, status, last_calibration_date, next_calibration_date, created_at, updated_at) VALUES ('f68436ea-09b9-4f2b-bdd7-79864759ebb7', 'Prego', 'aaaa', '66e5ac8b-ecea-4ae4-a46a-4df87bf45321', '35c9d2c5-dd60-4be2-95a7-593fba74b16d', 256, 254, 'available', NULL, NULL, '2025-11-10 15:18:55.4242', '2025-11-10 20:53:48.021');
INSERT INTO public.tools (id, name, code, class_id, model_id, quantity, available_quantity, status, last_calibration_date, next_calibration_date, created_at, updated_at) VALUES ('495d1835-a1ff-425b-9dab-9b941fe4daa5', 'Parafusadeira', 'PAQ 123', '66e5ac8b-ecea-4ae4-a46a-4df87bf45321', '35c9d2c5-dd60-4be2-95a7-593fba74b16d', 9, 1, 'available', NULL, NULL, '2025-11-10 21:13:27.512615', '2025-11-10 21:13:27.512615');
INSERT INTO public.tools (id, name, code, class_id, model_id, quantity, available_quantity, status, last_calibration_date, next_calibration_date, created_at, updated_at) VALUES ('f7cf8c32-a0c7-494b-acc4-7b3f533d84bb', 'Parafuso 2', 'asdasd2 ', 'dd5dce96-6bd6-4c9d-a46e-133a6aa17a40', '35c9d2c5-dd60-4be2-95a7-593fba74b16d', 13, 1, 'available', NULL, NULL, '2025-11-10 21:20:29.123485', '2025-11-10 21:20:29.123485');
INSERT INTO public.tools (id, name, code, class_id, model_id, quantity, available_quantity, status, last_calibration_date, next_calibration_date, created_at, updated_at) VALUES ('ae2775d3-f208-42f0-bf92-392d487856eb', 'Teste Calibração', 'TEST_CAL_45AN', '66e5ac8b-ecea-4ae4-a46a-4df87bf45321', '35c9d2c5-dd60-4be2-95a7-593fba74b16d', 5, 1, 'available', '2025-11-10 00:00:00', NULL, '2025-11-10 21:27:18.777433', '2025-11-10 21:27:18.777433');
INSERT INTO public.tools (id, name, code, class_id, model_id, quantity, available_quantity, status, last_calibration_date, next_calibration_date, created_at, updated_at) VALUES ('e_Em2KucMoxQyg4GkMUoc', 'Paquímetro Digital 150mm', 'TOOL-0001', '66e5ac8b-ecea-4ae4-a46a-4df87bf45321', '35c9d2c5-dd60-4be2-95a7-593fba74b16d', 12, 1, 'calibration', NULL, NULL, '2025-11-10 21:53:01.737135', '2025-11-10 21:53:01.737135');
INSERT INTO public.tools (id, name, code, class_id, model_id, quantity, available_quantity, status, last_calibration_date, next_calibration_date, created_at, updated_at) VALUES ('egFcjL3wp7X7LdwJJ3Fvs', 'Paquímetro Analógico 200mm', 'TOOL-0002', 'dd5dce96-6bd6-4c9d-a46e-133a6aa17a40', 'ca8f0547-bee9-4545-b75f-2aa3f5ba0a28', 12, 1, 'available', '2025-05-16 21:53:01.415', '2025-05-22 21:53:01.415', '2025-11-10 21:53:01.818224', '2025-11-10 21:53:01.818224');
INSERT INTO public.tools (id, name, code, class_id, model_id, quantity, available_quantity, status, last_calibration_date, next_calibration_date, created_at, updated_at) VALUES ('9ZaEYh5u7iwsB-vDcwNvt', 'Micrômetro Externo 0-25mm', 'TOOL-0003', 'dd5dce96-6bd6-4c9d-a46e-133a6aa17a40', '56c133eb-bb2f-48e5-ad03-514a102114f4', 14, 1, 'available', '2025-07-05 21:53:01.416', '2025-08-29 21:53:01.416', '2025-11-10 21:53:01.891543', '2025-11-10 21:53:01.891543');
INSERT INTO public.tools (id, name, code, class_id, model_id, quantity, available_quantity, status, last_calibration_date, next_calibration_date, created_at, updated_at) VALUES ('q5wEDAxZEo5E6BXeMtcHh', 'Micrômetro Interno 50-75mm', 'TOOL-0004', '3e28a796-80dd-4887-8a63-ddbfa9461969', '35c9d2c5-dd60-4be2-95a7-593fba74b16d', 11, 1, 'available', NULL, NULL, '2025-11-10 21:53:01.964996', '2025-11-10 21:53:01.964996');
INSERT INTO public.tools (id, name, code, class_id, model_id, quantity, available_quantity, status, last_calibration_date, next_calibration_date, created_at, updated_at) VALUES ('yDpWAn3UExLDsevjhpcVI', 'Relógio Comparador 0.01mm', 'TOOL-0005', 'dd5dce96-6bd6-4c9d-a46e-133a6aa17a40', '35c9d2c5-dd60-4be2-95a7-593fba74b16d', 11, 1, 'calibration', NULL, NULL, '2025-11-10 21:53:02.03891', '2025-11-10 21:53:02.03891');
INSERT INTO public.tools (id, name, code, class_id, model_id, quantity, available_quantity, status, last_calibration_date, next_calibration_date, created_at, updated_at) VALUES ('VfpB7Es2Vfgsdk2jmQ49f', 'Trena 5m', 'TOOL-0006', '3e28a796-80dd-4887-8a63-ddbfa9461969', '56c133eb-bb2f-48e5-ad03-514a102114f4', 12, 1, 'out_of_service', '2025-08-05 21:53:01.416', '2025-09-29 21:53:01.416', '2025-11-10 21:53:02.112936', '2025-11-10 21:53:02.112936');
INSERT INTO public.tools (id, name, code, class_id, model_id, quantity, available_quantity, status, last_calibration_date, next_calibration_date, created_at, updated_at) VALUES ('mIaWPVBRWW6ex6zQWXd2q', 'Trena 10m Profissional', 'TOOL-0007', '3e28a796-80dd-4887-8a63-ddbfa9461969', '35c9d2c5-dd60-4be2-95a7-593fba74b16d', 11, 1, 'available', NULL, NULL, '2025-11-10 21:53:02.186621', '2025-11-10 21:53:02.186621');
INSERT INTO public.tools (id, name, code, class_id, model_id, quantity, available_quantity, status, last_calibration_date, next_calibration_date, created_at, updated_at) VALUES ('KECTnC9VyWR4oT0DyDa3F', 'Esquadro 300mm', 'TOOL-0008', '3e28a796-80dd-4887-8a63-ddbfa9461969', 'ca8f0547-bee9-4545-b75f-2aa3f5ba0a28', 15, 1, 'calibration', '2025-05-26 21:53:01.416', '2025-06-01 21:53:01.416', '2025-11-10 21:53:02.260666', '2025-11-10 21:53:02.260666');
INSERT INTO public.tools (id, name, code, class_id, model_id, quantity, available_quantity, status, last_calibration_date, next_calibration_date, created_at, updated_at) VALUES ('KKzqGdzaqBOrPVCxwb58B', 'Nível Bolha 60cm', 'TOOL-0009', '3e28a796-80dd-4887-8a63-ddbfa9461969', 'ca8f0547-bee9-4545-b75f-2aa3f5ba0a28', 17, 1, 'calibration', '2025-08-17 21:53:01.416', '2025-08-23 21:53:01.416', '2025-11-10 21:53:02.33686', '2025-11-10 21:53:02.33686');
INSERT INTO public.tools (id, name, code, class_id, model_id, quantity, available_quantity, status, last_calibration_date, next_calibration_date, created_at, updated_at) VALUES ('yVjx7uQqQPjeoKHOfD7p-', 'Nível a Laser', 'TOOL-0010', '3e28a796-80dd-4887-8a63-ddbfa9461969', 'ca8f0547-bee9-4545-b75f-2aa3f5ba0a28', 9, 1, 'available', '2025-09-22 21:53:01.416', '2025-09-28 21:53:01.416', '2025-11-10 21:53:02.410803', '2025-11-10 21:53:02.410803');
INSERT INTO public.tools (id, name, code, class_id, model_id, quantity, available_quantity, status, last_calibration_date, next_calibration_date, created_at, updated_at) VALUES ('ZaM7USM6XkWkCz_NMWmNH', 'Parafusadeira Elétrica 12V', 'TOOL-0011', '66e5ac8b-ecea-4ae4-a46a-4df87bf45321', 'ca8f0547-bee9-4545-b75f-2aa3f5ba0a28', 13, 1, 'out_of_service', '2025-07-01 21:53:01.416', '2025-07-07 21:53:01.416', '2025-11-10 21:53:02.48395', '2025-11-10 21:53:02.48395');
INSERT INTO public.tools (id, name, code, class_id, model_id, quantity, available_quantity, status, last_calibration_date, next_calibration_date, created_at, updated_at) VALUES ('_JlqRnhF49hHLVi4zog-y', 'Parafusadeira 18V Profissional', 'TOOL-0012', 'dd5dce96-6bd6-4c9d-a46e-133a6aa17a40', '56c133eb-bb2f-48e5-ad03-514a102114f4', 13, 1, 'available', '2025-05-17 21:53:01.416', '2025-07-11 21:53:01.416', '2025-11-10 21:53:02.55604', '2025-11-10 21:53:02.55604');
INSERT INTO public.tools (id, name, code, class_id, model_id, quantity, available_quantity, status, last_calibration_date, next_calibration_date, created_at, updated_at) VALUES ('8cNU2h_rOAmUGnOGdYtQs', 'Furadeira de Impacto 1/2', 'TOOL-0013', '66e5ac8b-ecea-4ae4-a46a-4df87bf45321', '56c133eb-bb2f-48e5-ad03-514a102114f4', 9, 1, 'out_of_service', '2025-10-11 21:53:01.416', '2025-12-05 21:53:01.416', '2025-11-10 21:53:02.628935', '2025-11-10 21:53:02.628935');
INSERT INTO public.tools (id, name, code, class_id, model_id, quantity, available_quantity, status, last_calibration_date, next_calibration_date, created_at, updated_at) VALUES ('Bp4YYi7w1UsdzL5vPsi7k', 'Esmerilhadeira 4.1/2', 'TOOL-0014', 'dd5dce96-6bd6-4c9d-a46e-133a6aa17a40', 'ca8f0547-bee9-4545-b75f-2aa3f5ba0a28', 9, 1, 'calibration', '2025-06-21 21:53:01.416', '2025-06-27 21:53:01.416', '2025-11-10 21:53:02.702976', '2025-11-10 21:53:02.702976');
INSERT INTO public.tools (id, name, code, class_id, model_id, quantity, available_quantity, status, last_calibration_date, next_calibration_date, created_at, updated_at) VALUES ('mAJb0w2_Akb5OvH9H9M2p', 'Serra Tico-Tico', 'TOOL-0015', 'dd5dce96-6bd6-4c9d-a46e-133a6aa17a40', '56c133eb-bb2f-48e5-ad03-514a102114f4', 9, 1, 'available', '2025-09-02 21:53:01.416', '2025-10-27 21:53:01.416', '2025-11-10 21:53:02.775091', '2025-11-10 21:53:02.775091');
INSERT INTO public.tools (id, name, code, class_id, model_id, quantity, available_quantity, status, last_calibration_date, next_calibration_date, created_at, updated_at) VALUES ('TBPfMP4H3I-v7iyA-C_AV', 'Chave Philips #2', 'TOOL-0016', '66e5ac8b-ecea-4ae4-a46a-4df87bf45321', 'ca8f0547-bee9-4545-b75f-2aa3f5ba0a28', 19, 1, 'out_of_service', '2025-07-08 21:53:01.416', '2025-07-14 21:53:01.416', '2025-11-10 21:53:02.848788', '2025-11-10 21:53:02.848788');
INSERT INTO public.tools (id, name, code, class_id, model_id, quantity, available_quantity, status, last_calibration_date, next_calibration_date, created_at, updated_at) VALUES ('mdmo4lu2bN920n3PJ69cP', 'Chave Philips #3', 'TOOL-0017', 'dd5dce96-6bd6-4c9d-a46e-133a6aa17a40', 'ca8f0547-bee9-4545-b75f-2aa3f5ba0a28', 2, 1, 'calibration', '2025-08-10 21:53:01.416', '2025-08-16 21:53:01.416', '2025-11-10 21:53:02.921703', '2025-11-10 21:53:02.921703');
INSERT INTO public.tools (id, name, code, class_id, model_id, quantity, available_quantity, status, last_calibration_date, next_calibration_date, created_at, updated_at) VALUES ('oZ4Z3BI1sG1AUDHTvuqa6', 'Chave Fenda 6mm', 'TOOL-0018', '3e28a796-80dd-4887-8a63-ddbfa9461969', '35c9d2c5-dd60-4be2-95a7-593fba74b16d', 20, 1, 'loaned', NULL, NULL, '2025-11-10 21:53:02.994359', '2025-11-10 21:53:02.994359');
INSERT INTO public.tools (id, name, code, class_id, model_id, quantity, available_quantity, status, last_calibration_date, next_calibration_date, created_at, updated_at) VALUES ('8g6RjYx71DrcdkDV-e2JH', 'Chave Fenda 8mm', 'TOOL-0019', '3e28a796-80dd-4887-8a63-ddbfa9461969', '56c133eb-bb2f-48e5-ad03-514a102114f4', 6, 1, 'out_of_service', '2025-09-14 21:53:01.416', '2025-11-08 21:53:01.416', '2025-11-10 21:53:03.068088', '2025-11-10 21:53:03.068088');
INSERT INTO public.tools (id, name, code, class_id, model_id, quantity, available_quantity, status, last_calibration_date, next_calibration_date, created_at, updated_at) VALUES ('sR03F7gcCuzRPL-ExFQFF', 'Alicate Universal 8', 'TOOL-0020', '66e5ac8b-ecea-4ae4-a46a-4df87bf45321', '56c133eb-bb2f-48e5-ad03-514a102114f4', 16, 1, 'available', '2025-09-02 21:53:01.416', '2025-10-27 21:53:01.416', '2025-11-10 21:53:03.144486', '2025-11-10 21:53:03.144486');
INSERT INTO public.tools (id, name, code, class_id, model_id, quantity, available_quantity, status, last_calibration_date, next_calibration_date, created_at, updated_at) VALUES ('wyNOSqekQDfMvg9LdHyvh', 'Alicate de Corte 6', 'TOOL-0021', '3e28a796-80dd-4887-8a63-ddbfa9461969', '35c9d2c5-dd60-4be2-95a7-593fba74b16d', 1, 1, 'out_of_service', NULL, NULL, '2025-11-10 21:53:03.218034', '2025-11-10 21:53:03.218034');
INSERT INTO public.tools (id, name, code, class_id, model_id, quantity, available_quantity, status, last_calibration_date, next_calibration_date, created_at, updated_at) VALUES ('7W4Kg1pA2thbL17xLttoD', 'Alicate de Pressão 10', 'TOOL-0022', '66e5ac8b-ecea-4ae4-a46a-4df87bf45321', 'ca8f0547-bee9-4545-b75f-2aa3f5ba0a28', 12, 1, 'calibration', '2025-06-26 21:53:01.416', '2025-07-02 21:53:01.416', '2025-11-10 21:53:03.291', '2025-11-10 21:53:03.291');
INSERT INTO public.tools (id, name, code, class_id, model_id, quantity, available_quantity, status, last_calibration_date, next_calibration_date, created_at, updated_at) VALUES ('oMAxkuv7JfatXs5ZLxIBA', 'Martelo de Borracha', 'TOOL-0023', '3e28a796-80dd-4887-8a63-ddbfa9461969', '56c133eb-bb2f-48e5-ad03-514a102114f4', 2, 1, 'available', '2025-07-21 21:53:01.416', '2025-09-14 21:53:01.416', '2025-11-10 21:53:03.363052', '2025-11-10 21:53:03.363052');
INSERT INTO public.tools (id, name, code, class_id, model_id, quantity, available_quantity, status, last_calibration_date, next_calibration_date, created_at, updated_at) VALUES ('Z18t-Qj2JWdxnGc3We46B', 'Martelo Unha 25mm', 'TOOL-0024', '3e28a796-80dd-4887-8a63-ddbfa9461969', '56c133eb-bb2f-48e5-ad03-514a102114f4', 9, 1, 'loaned', '2025-06-24 21:53:01.416', '2025-08-18 21:53:01.416', '2025-11-10 21:53:03.435971', '2025-11-10 21:53:03.435971');
INSERT INTO public.tools (id, name, code, class_id, model_id, quantity, available_quantity, status, last_calibration_date, next_calibration_date, created_at, updated_at) VALUES ('yVTXiRtUzbUMqQqQ60kHU', 'Marreta 2kg', 'TOOL-0025', 'dd5dce96-6bd6-4c9d-a46e-133a6aa17a40', '56c133eb-bb2f-48e5-ad03-514a102114f4', 1, 1, 'calibration', '2025-07-18 21:53:01.416', '2025-09-11 21:53:01.416', '2025-11-10 21:53:03.507911', '2025-11-10 21:53:03.507911');
INSERT INTO public.tools (id, name, code, class_id, model_id, quantity, available_quantity, status, last_calibration_date, next_calibration_date, created_at, updated_at) VALUES ('Cwma7z9v1kQTt36EXG0D0', 'Talhadeira 1/2', 'TOOL-0026', 'dd5dce96-6bd6-4c9d-a46e-133a6aa17a40', 'ca8f0547-bee9-4545-b75f-2aa3f5ba0a28', 12, 1, 'out_of_service', '2025-09-12 21:53:01.416', '2025-09-18 21:53:01.416', '2025-11-10 21:53:03.580708', '2025-11-10 21:53:03.580708');
INSERT INTO public.tools (id, name, code, class_id, model_id, quantity, available_quantity, status, last_calibration_date, next_calibration_date, created_at, updated_at) VALUES ('dn7vidVV85qdgG3-hj4cr', 'Punção Automático', 'TOOL-0027', '66e5ac8b-ecea-4ae4-a46a-4df87bf45321', '35c9d2c5-dd60-4be2-95a7-593fba74b16d', 13, 1, 'calibration', NULL, NULL, '2025-11-10 21:53:03.655839', '2025-11-10 21:53:03.655839');
INSERT INTO public.tools (id, name, code, class_id, model_id, quantity, available_quantity, status, last_calibration_date, next_calibration_date, created_at, updated_at) VALUES ('-DGZvCj5aS2Ravi3rUzQq', 'Lima Chata Bastarda 10', 'TOOL-0028', '66e5ac8b-ecea-4ae4-a46a-4df87bf45321', '56c133eb-bb2f-48e5-ad03-514a102114f4', 3, 1, 'loaned', '2025-06-04 21:53:01.416', '2025-07-29 21:53:01.416', '2025-11-10 21:53:03.728937', '2025-11-10 21:53:03.728937');
INSERT INTO public.tools (id, name, code, class_id, model_id, quantity, available_quantity, status, last_calibration_date, next_calibration_date, created_at, updated_at) VALUES ('qqKrNEJvcNoL2aNkL7rs7', 'Lima Redonda 8', 'TOOL-0029', '3e28a796-80dd-4887-8a63-ddbfa9461969', '35c9d2c5-dd60-4be2-95a7-593fba74b16d', 18, 1, 'out_of_service', NULL, NULL, '2025-11-10 21:53:03.804847', '2025-11-10 21:53:03.804847');
INSERT INTO public.tools (id, name, code, class_id, model_id, quantity, available_quantity, status, last_calibration_date, next_calibration_date, created_at, updated_at) VALUES ('ge46T3HchiEcuyAZZ7k8O', 'Arco de Serra Manual', 'TOOL-0030', '3e28a796-80dd-4887-8a63-ddbfa9461969', 'ca8f0547-bee9-4545-b75f-2aa3f5ba0a28', 12, 1, 'loaned', '2025-06-23 21:53:01.416', '2025-06-29 21:53:01.416', '2025-11-10 21:53:03.878887', '2025-11-10 21:53:03.878887');
INSERT INTO public.tools (id, name, code, class_id, model_id, quantity, available_quantity, status, last_calibration_date, next_calibration_date, created_at, updated_at) VALUES ('gXpcUmkAZeTofr-S-a2wO', 'Jogo de Brocas HSS 1-13mm', 'TOOL-0031', '3e28a796-80dd-4887-8a63-ddbfa9461969', '56c133eb-bb2f-48e5-ad03-514a102114f4', 2, 1, 'available', '2025-11-01 21:53:01.416', '2025-12-26 21:53:01.416', '2025-11-10 21:53:03.951644', '2025-11-10 21:53:03.951644');
INSERT INTO public.tools (id, name, code, class_id, model_id, quantity, available_quantity, status, last_calibration_date, next_calibration_date, created_at, updated_at) VALUES ('8aUZD2f8QtJBnZrhc2Uni', 'Broca SDS 12mm', 'TOOL-0032', '66e5ac8b-ecea-4ae4-a46a-4df87bf45321', '35c9d2c5-dd60-4be2-95a7-593fba74b16d', 1, 1, 'calibration', NULL, NULL, '2025-11-10 21:53:04.024634', '2025-11-10 21:53:04.024634');
INSERT INTO public.tools (id, name, code, class_id, model_id, quantity, available_quantity, status, last_calibration_date, next_calibration_date, created_at, updated_at) VALUES ('0MhO6oGSkMIoOxkqPmtzC', 'Broca SDS 16mm', 'TOOL-0033', '3e28a796-80dd-4887-8a63-ddbfa9461969', '35c9d2c5-dd60-4be2-95a7-593fba74b16d', 14, 1, 'loaned', NULL, NULL, '2025-11-10 21:53:04.09778', '2025-11-10 21:53:04.09778');
INSERT INTO public.tools (id, name, code, class_id, model_id, quantity, available_quantity, status, last_calibration_date, next_calibration_date, created_at, updated_at) VALUES ('uYrkee-WTl-sbpxW0a1Oq', 'Disco de Corte 4.1/2', 'TOOL-0034', '66e5ac8b-ecea-4ae4-a46a-4df87bf45321', '56c133eb-bb2f-48e5-ad03-514a102114f4', 18, 1, 'out_of_service', '2025-07-27 21:53:01.416', '2025-09-20 21:53:01.416', '2025-11-10 21:53:04.17068', '2025-11-10 21:53:04.17068');
INSERT INTO public.tools (id, name, code, class_id, model_id, quantity, available_quantity, status, last_calibration_date, next_calibration_date, created_at, updated_at) VALUES ('xD2IYU1N-hLeUXQ9PXQY3', 'Disco de Desbaste 4.1/2', 'TOOL-0035', 'dd5dce96-6bd6-4c9d-a46e-133a6aa17a40', '56c133eb-bb2f-48e5-ad03-514a102114f4', 6, 1, 'loaned', '2025-10-01 21:53:01.416', '2025-11-25 21:53:01.416', '2025-11-10 21:53:04.244246', '2025-11-10 21:53:04.244246');
INSERT INTO public.tools (id, name, code, class_id, model_id, quantity, available_quantity, status, last_calibration_date, next_calibration_date, created_at, updated_at) VALUES ('QX6egAlZp-WMnQS69Ozek', 'Lixa Orbital Elétrica', 'TOOL-0036', '66e5ac8b-ecea-4ae4-a46a-4df87bf45321', '35c9d2c5-dd60-4be2-95a7-593fba74b16d', 11, 1, 'calibration', NULL, NULL, '2025-11-10 21:53:04.318269', '2025-11-10 21:53:04.318269');
INSERT INTO public.tools (id, name, code, class_id, model_id, quantity, available_quantity, status, last_calibration_date, next_calibration_date, created_at, updated_at) VALUES ('RRvP42yYJRCx77iJVIxcb', 'Soprador Térmico 2000W', 'TOOL-0037', '66e5ac8b-ecea-4ae4-a46a-4df87bf45321', '35c9d2c5-dd60-4be2-95a7-593fba74b16d', 9, 1, 'calibration', NULL, NULL, '2025-11-10 21:53:04.391214', '2025-11-10 21:53:04.391214');
INSERT INTO public.tools (id, name, code, class_id, model_id, quantity, available_quantity, status, last_calibration_date, next_calibration_date, created_at, updated_at) VALUES ('zSMK2aN0SZjxy2TebrTXz', 'Pistola de Cola Quente', 'TOOL-0038', '66e5ac8b-ecea-4ae4-a46a-4df87bf45321', '35c9d2c5-dd60-4be2-95a7-593fba74b16d', 1, 1, 'available', NULL, NULL, '2025-11-10 21:53:04.465436', '2025-11-10 21:53:04.465436');
INSERT INTO public.tools (id, name, code, class_id, model_id, quantity, available_quantity, status, last_calibration_date, next_calibration_date, created_at, updated_at) VALUES ('mHssQS_NCfmKLfVFuqlco', 'Compressor de Ar 50L', 'TOOL-0040', 'dd5dce96-6bd6-4c9d-a46e-133a6aa17a40', '56c133eb-bb2f-48e5-ad03-514a102114f4', 16, 1, 'calibration', '2025-09-15 21:53:01.416', '2025-11-09 21:53:01.416', '2025-11-10 21:53:04.611419', '2025-11-10 21:53:04.611419');
INSERT INTO public.tools (id, name, code, class_id, model_id, quantity, available_quantity, status, last_calibration_date, next_calibration_date, created_at, updated_at) VALUES ('n4gu0eVhl-dTOJBN65N4O', 'Grampeador Pneumático', 'TOOL-0039', '66e5ac8b-ecea-4ae4-a46a-4df87bf45321', '35c9d2c5-dd60-4be2-95a7-593fba74b16d', 1, 0, 'loaned', NULL, NULL, '2025-11-10 21:53:04.538811', '2025-11-10 22:04:26.667');


--
-- Data for Name: users; Type: TABLE DATA; Schema: public; Owner: neondb_owner
--

INSERT INTO public.users (id, email, first_name, last_name, matriculation, department, role, created_at, updated_at, username, password, qr_code) VALUES ('6b22d39c-aa1d-4048-892f-b98f423b9575', 'u2tag2009@gmail.com	', 'Colaborador', 'Sobrenome', '1020', 'Oficina', 'user', '2025-11-10 15:02:30.111661', '2025-11-10 15:03:32.359', 'u2tag2009', '$2b$10$kHemoKG6VM.KKoY.7dIocuiPL7rPdXwzW8JU64qLPGCqvlSOMitxK', 'tOHof0jkvIgOAYCg');
INSERT INTO public.users (id, email, first_name, last_name, matriculation, department, role, created_at, updated_at, username, password, qr_code) VALUES ('49602269', 'priscilaenorthon@gmail.com', 'NORTHON', 'FERNANDES MORAES', '102030', 'Administração', 'admin', '2025-11-10 14:05:20.385774', '2025-11-10 15:13:04.687', 'priscilaenorthon', '$2b$10$wxPg0CZKGbilEZMyz1hPp.djx7WcoHCZRQ7trjSfOCtwaUfd.9TGe', 'TZOAD6GdHgAWav-8');
INSERT INTO public.users (id, email, first_name, last_name, matriculation, department, role, created_at, updated_at, username, password, qr_code) VALUES ('c604d805-7f3d-41ba-abe2-0fa7ed8692ce', 'pasdasds@gmail.com', 'Pedro Cardoso', 'Ferreira', '1054', 'Oficina', 'user', '2025-11-10 19:45:57.857284', '2025-11-10 19:45:57.857284', 'pasdasds', '$2b$10$sa0/V33RoRNRLuhStXlR0.hTLcMYEW7LXKNXHtjdd/A2fnMCjU9Mi', 'b0nx4dQ6eZaaOYSB');
INSERT INTO public.users (id, email, first_name, last_name, matriculation, department, role, created_at, updated_at, username, password, qr_code) VALUES ('c6af263e-56d3-43f3-a600-816c3601ffe3', 'admin@test.com', 'Admin', 'Teste', 'ADM001', 'Administração', 'admin', '2025-11-10 20:42:27.759851', '2025-11-10 20:42:27.759851', 'admin', '$2b$10$Klr2YNagtoBMetWCHBTUbeKYtMHKPI8Z1ZkOaMLXj6zqhyBQFgy/q', 'Y3o_JDRU9Y-nPWZc');
INSERT INTO public.users (id, email, first_name, last_name, matriculation, department, role, created_at, updated_at, username, password, qr_code) VALUES ('ec279d8e-7cd5-49d7-96ad-8851a74e2869', 'operator@test.com', 'Operador', 'Teste', 'OPE001', 'Ferramentaria', 'operator', '2025-11-10 20:42:27.759851', '2025-11-10 20:42:27.759851', 'operator', '$2b$10$XkrNjmX.MZuPNFaQKcU2ou8cu4TOKzB58ihmB4N0ZXBBo8J9BB8K.', 'PLXct6TFwKPUQLzr');
INSERT INTO public.users (id, email, first_name, last_name, matriculation, department, role, created_at, updated_at, username, password, qr_code) VALUES ('c76f0dc2-63be-4925-9ff2-b3f4d0cfcb5a', 'user@test.com', 'Usuario', 'Teste', 'USU001', 'Produção', 'user', '2025-11-10 20:42:27.759851', '2025-11-10 20:42:27.759851', 'user', '$2b$10$/2X99QWNnIsdqHhImyE3jOBEyx/h..4udXML3wFjwOXwtFNjl.RR2', 'IFnRsEs_D9l4YiCo');
INSERT INTO public.users (id, email, first_name, last_name, matriculation, department, role, created_at, updated_at, username, password, qr_code) VALUES ('0b9bd933-64c2-4f38-9187-8452240c6f68', '', 'Usuario 1', 'Teste 1', 'EMP91', 'Oficina', 'user', '2025-11-10 22:01:53.520558', '2025-11-10 22:01:53.520558', 'usuario1', '$2b$10$26Vt48V3Inm.MLJdUC2h6epwdhe.eqtRRERPeFY6p.NT5xY/l781S', 'nHPuWB41TKbzswdt');


--
-- Data for Name: calibration_alerts; Type: TABLE DATA; Schema: public; Owner: neondb_owner
--



--
-- Data for Name: loans; Type: TABLE DATA; Schema: public; Owner: neondb_owner
--

INSERT INTO public.loans (id, tool_id, user_id, operator_id, quantity_loaned, loan_date, expected_return_date, return_date, status, user_confirmation, user_confirmation_date, notes, created_at, batch_id) VALUES ('8cb309b6-fa5e-487c-b5f9-2fb77576d30b', '2477ee5e-198f-41bc-9ae7-6e63e890a74d', '49602269', '49602269', 1, '2025-11-10 15:05:22.970499', NULL, NULL, 'active', true, '2025-11-10 15:05:22.936', NULL, '2025-11-10 15:05:22.970499', NULL);
INSERT INTO public.loans (id, tool_id, user_id, operator_id, quantity_loaned, loan_date, expected_return_date, return_date, status, user_confirmation, user_confirmation_date, notes, created_at, batch_id) VALUES ('5b4e90fc-a01f-4a4a-b4b6-8144b96a8508', '2477ee5e-198f-41bc-9ae7-6e63e890a74d', '49602269', '49602269', 1, '2025-11-10 15:12:01.716478', NULL, '2025-11-10 15:12:14.957', 'returned', true, '2025-11-10 15:12:01.684', NULL, '2025-11-10 15:12:01.716478', NULL);
INSERT INTO public.loans (id, tool_id, user_id, operator_id, quantity_loaned, loan_date, expected_return_date, return_date, status, user_confirmation, user_confirmation_date, notes, created_at, batch_id) VALUES ('ab8b8bb2-8556-4666-a994-a9df5c8b54c5', 'f68436ea-09b9-4f2b-bdd7-79864759ebb7', '49602269', '49602269', 24, '2025-11-10 15:19:30.789632', NULL, '2025-11-10 15:19:44.024', 'returned', true, '2025-11-10 15:19:30.757', NULL, '2025-11-10 15:19:30.789632', NULL);
INSERT INTO public.loans (id, tool_id, user_id, operator_id, quantity_loaned, loan_date, expected_return_date, return_date, status, user_confirmation, user_confirmation_date, notes, created_at, batch_id) VALUES ('c1759209-b6f9-4e9f-a04f-1c95865c6c2a', '2477ee5e-198f-41bc-9ae7-6e63e890a74d', 'c76f0dc2-63be-4925-9ff2-b3f4d0cfcb5a', 'ec279d8e-7cd5-49d7-96ad-8851a74e2869', 2, '2025-11-10 20:47:43.230584', NULL, NULL, 'active', true, '2025-11-10 20:47:43.189', NULL, '2025-11-10 20:47:43.230584', '8821aa20-1ddd-44cb-b3b6-62f13911803f');
INSERT INTO public.loans (id, tool_id, user_id, operator_id, quantity_loaned, loan_date, expected_return_date, return_date, status, user_confirmation, user_confirmation_date, notes, created_at, batch_id) VALUES ('edf85bf8-a57e-4d7e-9526-ae2c8396a492', 'f68436ea-09b9-4f2b-bdd7-79864759ebb7', 'c76f0dc2-63be-4925-9ff2-b3f4d0cfcb5a', 'ec279d8e-7cd5-49d7-96ad-8851a74e2869', 2, '2025-11-10 20:53:47.884628', NULL, NULL, 'active', true, '2025-11-10 20:53:47.85', NULL, '2025-11-10 20:53:47.884628', '79896527-f7b1-40c3-b4a1-795457b21092');
INSERT INTO public.loans (id, tool_id, user_id, operator_id, quantity_loaned, loan_date, expected_return_date, return_date, status, user_confirmation, user_confirmation_date, notes, created_at, batch_id) VALUES ('e611543d-3e1a-4963-bfcd-e08ccf6ea99d', '2477ee5e-198f-41bc-9ae7-6e63e890a74d', 'c76f0dc2-63be-4925-9ff2-b3f4d0cfcb5a', 'ec279d8e-7cd5-49d7-96ad-8851a74e2869', 3, '2025-11-10 21:01:53.49392', NULL, '2025-11-10 21:15:33.494', 'returned', true, '2025-11-10 21:01:53.459', NULL, '2025-11-10 21:01:53.49392', '6c9a1dd4-4b03-4bfa-ae05-2cdf0950cdf8');
INSERT INTO public.loans (id, tool_id, user_id, operator_id, quantity_loaned, loan_date, expected_return_date, return_date, status, user_confirmation, user_confirmation_date, notes, created_at, batch_id) VALUES ('b3af3e4e-0386-408a-9d46-fcccb521bc36', 'n4gu0eVhl-dTOJBN65N4O', '0b9bd933-64c2-4f38-9187-8452240c6f68', '49602269', 1, '2025-11-10 22:04:26.528424', NULL, NULL, 'active', true, '2025-11-10 22:04:26.495', NULL, '2025-11-10 22:04:26.528424', 'e1c675d1-2d1f-446a-8513-97d8b0cf3584');
INSERT INTO public.loans (id, tool_id, user_id, operator_id, quantity_loaned, loan_date, expected_return_date, return_date, status, user_confirmation, user_confirmation_date, notes, created_at, batch_id) VALUES ('6bb3030c-b428-459b-b669-3322ba86f7fa', '2477ee5e-198f-41bc-9ae7-6e63e890a74d', '0b9bd933-64c2-4f38-9187-8452240c6f68', '49602269', 5, '2025-11-10 22:04:26.529325', NULL, NULL, 'active', true, '2025-11-10 22:04:26.495', NULL, '2025-11-10 22:04:26.529325', 'e1c675d1-2d1f-446a-8513-97d8b0cf3584');


--
-- Data for Name: sessions; Type: TABLE DATA; Schema: public; Owner: neondb_owner
--

INSERT INTO public.sessions (sid, sess, expire) VALUES ('6ZlzBzw4xuznn9l46TfO8ztr9byE47V-', '{"cookie": {"path": "/", "secure": true, "expires": "2025-11-17T14:53:25.337Z", "httpOnly": true, "originalMaxAge": 604800000}, "passport": {"user": {"claims": {"aud": "46f89f1e-d1a6-451c-b5d3-8be8b854adfb", "exp": 1762790004, "iat": 1762786404, "iss": "https://replit.com/oidc", "sub": "49602269", "email": "priscilaenorthon@gmail.com", "at_hash": "Ccv3FIB2hRn4Q6lSup9Lrw", "username": "priscilaenortho", "auth_time": 1762786403, "last_name": "FERNANDES MORAES", "first_name": "NORTHON"}, "expires_at": 1762790004, "access_token": "lXvzGJN-Rva9u_eN627UMNTwJxeZ3pRxWDfX9geAnDX", "refresh_token": "RuCpQm91rAvao-RdAOgqwCPbI8F8z98Me0Mbh65J8cG"}}}', '2025-11-17 14:53:31');
INSERT INTO public.sessions (sid, sess, expire) VALUES ('atng5YJZoELkdENyeJmH9c79NQPeP27Y', '{"cookie": {"path": "/", "secure": true, "expires": "2025-11-17T19:14:41.698Z", "httpOnly": true, "originalMaxAge": 604800000}, "passport": {"user": {"claims": {"aud": "46f89f1e-d1a6-451c-b5d3-8be8b854adfb", "exp": 1762805681, "iat": 1762802081, "iss": "https://replit.com/oidc", "sub": "49602269", "email": "priscilaenorthon@gmail.com", "at_hash": "4jOGUt5UklwiuWwtjCpKvA", "username": "priscilaenortho", "auth_time": 1762786496, "last_name": "FERNANDES MORAES", "first_name": "NORTHON"}, "expires_at": 1762805681, "access_token": "V5YxeGRg2K_unHkAU0RFK8mRAikFDyqmjgdQ03nhXpq", "refresh_token": "fhLJpmF9yjVrz6R4MkFNtkv-CY5HXCk6xP9o3uzdjyR"}}}', '2025-11-17 19:38:02');


--
-- PostgreSQL database dump complete
--

